Test Source,Best F1,Final F1,Balanced Acc,AUROC
Linux_2k,0.4879672299027138,0.4879672299027138,0.5,0.3950207630997299
Apache_2k,0.22209257098405288,0.22209257098405288,0.5,0.046644500520246726
