{
  "Apache_2k": {
    "train_loss": [],
    "val_f1": [],
    "test_f1": [
      0.22209257098405288,
      0.22209257098405288
    ]
  },
  "Linux_2k": {
    "train_loss": [],
    "val_f1": [],
    "test_f1": [
      0.4879672299027138,
      0.4879672299027138
    ]
  }
}