Model,Avg F1-Macro,Std F1-Macro,Avg Balanced Acc,Avg AUROC,Avg MCC,Sources
DEBERTA_V3,0.522144308942355,0.15479686996140457,0.5950328577333107,0.6951555709782825,0.14550893737260776,13
LOGBERT,0.5104874203888718,0.12113746558582143,0.6021367430190072,0.752218379459469,0.16211361149516426,13
DAPT_BERT,0.5016313562136647,0.1536147846636464,0.5908648844759963,0.7530892961343697,0.18433077114353316,13
MPNET,0.4528768069991977,0.08472590964128773,0.5469452278115285,0.576727061401334,0.04607778040777903,13
