Model,F1-Macro,F1-Weighted,Balanced Acc,Geometric Mean,IBA,MCC
LR,1.0,1.0,1.0,1.0,1.1,1.0
RF,1.0,1.0,1.0,1.0,1.1,1.0
XGB,1.0,1.0,1.0,1.0,1.1,1.0
GB,1.0,1.0,1.0,1.0,1.1,1.0
SVM,1.0,1.0,1.0,1.0,1.1,1.0
DT,1.0,1.0,1.0,1.0,1.1,1.0
NB,1.0,1.0,1.0,1.0,1.1,1.0
KNN,0.44735803939290425,0.8486407619030467,0.5530161328033669,0.5128692206624634,0.5813786281078301,0.028062860249460257
