test_source,f1_macro,balanced_acc,auroc,mcc,test_samples,support_samples
Android_2k,0.4967287367891293,0.5,0.5951796430519836,0.0,2000,18
BGL_2k,0.4780793319415449,0.5,0.17981908920773548,0.0,2000,18
Apache_2k,0.41673957421988916,0.5,0.6671070482708078,0.0,2000,18
