test_source,f1_macro,balanced_acc,auroc,mcc,test_samples,support_samples
Android_2k,0.25750528355730645,0.6570415400202634,0.9201932818954095,0.07692533591159272,2000,9
Apache_2k,0.2199258149987675,0.4754779345530842,0.4767813088647836,-0.154486389155889,2000,9
BGL_2k,0.19502264982799639,0.33763516323559994,0.319964844562279,-0.22173327241977264,2000,9
