test_source,f1_macro,balanced_acc,auroc,mcc,test_samples,support_samples
BGL_2k,0.43741209563994377,0.4243995633187773,0.0734527708463298,-0.12141969902376613,2000,9
Android_2k,0.34901142151986125,0.3967734393266308,0.3677032187670486,-0.04683988583047452,2000,9
Apache_2k,0.23267554325695847,0.21186603738668242,0.3917194368834709,-0.5272528067114512,2000,9
