Source,MAML F1,Proto F1,Transfer F1,Best Method
Apache_2k,0.2199258149987675,0.9902766180619111,0.993041472821981,Transfer
BGL_2k,0.19502264982799639,0.34660871922601194,0.9433479559552839,Transfer
