Source,MAML F1,Proto F1,Transfer F1,Best Method
BGL_2k,0.43741209563994377,0.6303277173474251,0.8268612416522385,Transfer
Apache_2k,0.23267554325695847,0.4143484626647145,0.993041472821981,Transfer
