Source,MAML F1,Proto F1,Transfer F1,Best Method
Apache_2k,0.41673957421988916,0.795722353339106,0.993041472821981,Transfer
BGL_2k,0.4780793319415449,0.2957023345715925,0.9471840815839947,Transfer
