test_source,f1_macro,balanced_acc,auroc,mcc,test_samples,prototypes
Apache_2k,0.9902766180619111,0.9944016794961512,1.0,0.9807401839025984,2000,2
Android_2k,0.34856161046427203,0.3962668537136622,0.47961967110903275,-0.047064749957220105,2000,2
BGL_2k,0.34660871922601194,0.6064410480349345,0.6928204278436265,0.12658932147939012,2000,2
