test_source,f1_macro,balanced_acc,auroc,mcc,test_samples,prototypes
BGL_2k,0.6303277173474251,0.828251715533375,0.8853776772717821,0.4007146064569515,2000,2
Android_2k,0.42176819643126257,0.5544969215181981,0.6079222196243472,0.026567201530613323,2000,2
Apache_2k,0.4143484626647145,0.49510146955913226,0.7374457540146011,-0.05307332974334472,2000,2
