test_source,f1_macro,balanced_acc,auroc,mcc,test_samples,prototypes
Apache_2k,0.795722353339106,0.799015024039198,0.880698049779462,0.5916910409134534,2000,2
Android_2k,0.4256410256410256,0.803717559036708,0.7972098823162653,0.14317445029039028,2000,2
BGL_2k,0.2957023345715925,0.23302661676024122,0.17374649095446038,-0.29622124637555153,2000,2
