test_source,f1_macro,balanced_acc,auroc,mcc,train_samples,test_samples
Apache_2k,0.993041472821981,0.996,0.99958,0.9861789997803864,30,1400
BGL_2k,0.9433479559552839,0.9894695787831513,0.998770459292948,0.8925547238813551,30,1400
