test_source,f1_macro,balanced_acc,auroc,mcc,train_samples,test_samples
Apache_2k,0.993041472821981,0.996,1.0,0.9861789997803864,30,1400
BGL_2k,0.8268612416522385,0.9240857769904016,0.9869443930299584,0.6820154300891799,30,1400
