test_source,f1_macro,balanced_acc,auroc,mcc,train_samples,test_samples
Apache_2k,0.993041472821981,0.996,1.0,0.9861789997803864,30,1400
BGL_2k,0.9471840815839947,0.9902496099843994,0.99899521404585,0.8994905627197018,30,1400
