Test Source,F1-Macro,Balanced Acc,AUROC,MCC
Android_2k,0.4967287367891293,0.5,0.5745265372924947,0.0
Apache_2k,0.41673957421988916,0.5,0.4820095127328702,0.0
