Model,Accuracy,Precision,Recall,F1-Score,Balanced_Acc,MCC,AUROC
BERT,0.6,0.6666666666666666,0.4,0.5,0.6000000000000001,0.2182178902359924,0.6000000000000001
DL_CNN,0.4,0.0,0.0,0.0,0.4,-0.3333333333333333,0.2
Ensemble,0.5,0.0,0.0,0.0,0.5,0.0,0.4
