{
  "num_classes": 7,
  "label_map": {
    "0": "normal",
    "1": "security_anomaly",
    "2": "system_failure",
    "3": "performance_issue",
    "4": "network_anomaly",
    "5": "config_error",
    "6": "hardware_issue"
  },
  "class_distribution": {
    "0": 11608,
    "1": 2278,
    "2": 1822,
    "3": 82,
    "4": 1714,
    "5": 96,
    "6": 400
  },
  "total_samples": 18000,
  "imbalance_ratio": 141.5609756097561,
  "processed_files": [
    "Apache_2k_labeled.csv",
    "BGL_2k_labeled.csv",
    "Hadoop_2k_labeled.csv",
    "HDFS_2k_labeled.csv",
    "HPC_2k_labeled.csv",
    "Linux_2k_labeled.csv",
    "OpenSSH_2k_labeled.csv",
    "Proxifier_2k_labeled.csv",
    "Zookeeper_2k_labeled.csv"
  ],
  "timestamp": "2025-10-08T21:38:51.856451",
  "class_weights": {
    "0": 0.22152210298316433,
    "1": 1.1288097328483633,
    "2": 1.4113219382154618,
    "3": 31.358885017421603,
    "4": 1.5002500416736122,
    "5": 26.785714285714285,
    "6": 6.428571428571429
  }
}