source,f1_macro,balanced_acc,auroc
Android_2k,0.9637786148942336,0.9989868287740629,1.0
Apache_2k,0.26253687315634217,0.2491252624212736,0.00603829359073191
