Test Source,Best Model,Strategy,F1-Macro,Balanced Acc,AUROC,AUPRC,MCC,Train Samples,Test Samples,Minority Samples,Imbalance Ratio
Android_2k,CNN_ATTENTION,balanced,0.9637786148942336,0.9989868287740629,1.0,1.0,0.9300056468690797,19200,2000,5515,2.4814143245693563
Apache_2k,TRANSFORMER,balanced,0.2836676217765043,0.27711686494051785,0.32072567371644894,0.2768276589751544,-0.43213926405129777,19200,2000,5079,2.780271707028943
