source,f1_macro,balanced_acc,auroc
Android_2k,0.4967287367891293,0.5,0.634030862754267
Apache_2k,0.2836676217765043,0.27711686494051785,0.32072567371644894
