Test Source,F1-Macro,Balanced Acc,AUROC,MCC
Android_2k,0.49443882709807885,0.5,0.4785276073619632,0.0
Apache_2k,0.4158878504672897,0.5,0.7237144975031211,0.0
