Test Source,F1-Macro,Balanced Acc,AUROC,MCC
Apache_2k,0.22199170124481327,0.5,0.04435656123587668,0.0
Android_2k,0.012508229098090849,0.5,0.5117808024450051,0.0
