source,f1_macro,balanced_acc,auroc
Android_2k,0.8485495174236897,0.9944275582573454,1.0
Apache_2k,0.29701230228471004,0.29566130160951715,0.41628562219425236
