source,f1_macro,balanced_acc,auroc
Android_2k,0.5341772151898734,0.532889096718884,0.8475761826825656
Apache_2k,0.2892679459843639,0.28481455563331,0.022314846701856347
