{
  "experiment_info": {
    "timestamp": "2025-11-20T05:58:20.245926",
    "feature_type": "selected_imbalanced",
    "num_classes": 2,
    "label_map": {
      "0": "normal",
      "1": "anomaly"
    },
    "total_splits": 16,
    "processed_splits": 13,
    "device": "cuda",
    "cuda_available": true
  },
  "aggregate_metrics": {
    "avg_f1_macro": 0.7093990622905543,
    "std_f1_macro": 0.3006347957357596,
    "avg_balanced_acc": 0.7745538760928663,
    "avg_auroc": 0.8880468746623783,
    "avg_auprc": 0.7839871990477474,
    "avg_mcc": 0.5378053673448471
  },
  "best_model": "cnn_attention",
  "model_frequency": {
    "CNN_ATTENTION": 9,
    "VAE": 2,
    "STACKED_AE": 1,
    "FLNN": 1
  },
  "per_model_performance": {
    "flnn": {
      "avg_f1": 0.5087399550365601,
      "std_f1": 0.24283739253972073,
      "avg_auroc": 0.6328619931282885
    },
    "vae": {
      "avg_f1": 0.5066887203772923,
      "std_f1": 0.22298692117146465,
      "avg_auroc": 0.7752133328669306
    },
    "cnn_attention": {
      "avg_f1": 0.6561723242657321,
      "std_f1": 0.34123252393536935,
      "avg_auroc": 0.7157527466782286
    },
    "tabnet": {
      "avg_f1": 0.5046873692920201,
      "std_f1": 0.255417265542865,
      "avg_auroc": 0.5349343752356832
    },
    "stacked_ae": {
      "avg_f1": 0.529579856748988,
      "std_f1": 0.2665653669012728,
      "avg_auroc": 0.5479726605681757
    },
    "transformer": {
      "avg_f1": 0.473109103012485,
      "std_f1": 0.23756697632735707,
      "avg_auroc": 0.5857981826819897
    }
  }
}