Test Source,Best F1,Final F1,Balanced Acc,AUROC
Apache_2k,0.41673957421988916,0.41673957421988916,0.5,0.04178886439147067
Linux_2k,0.044890162368672396,0.044890162368672396,0.5,0.8089376213971556
