{
  "Apache_2k": {
    "train_loss": [],
    "val_f1": [],
    "test_f1": [
      0.41673957421988916,
      0.41673957421988916
    ]
  },
  "Linux_2k": {
    "train_loss": [],
    "val_f1": [],
    "test_f1": [
      0.044890162368672396,
      0.044890162368672396
    ]
  }
}