Test Source,Best Model,Strategy,F1-Macro,Balanced Acc,AUROC,AUPRC,MCC,Train Samples,Test Samples,Minority Samples,Imbalance Ratio
Android_2k,CNN_ATTENTION,balanced,0.8485495174236897,0.9944275582573454,1.0,1.0,0.7318673751293954,19200,2000,5515,2.4814143245693563
Apache_2k,CNN_ATTENTION,balanced,0.29701230228471004,0.29566130160951715,0.41628562219425236,0.2883072955776067,-0.4059539173649675,19200,2000,5079,2.780271707028943
