{
  "Android_2k": {
    "train_loss": [],
    "val_f1": [],
    "test_f1": [
      0.012833168805528134,
      0.4946942900454775,
      0.289080769922648,
      0.4695118993434952,
      0.4967287367891293,
      0.49520444220090865,
      0.4967287367891293,
      0.44498729724447916
    ]
  },
  "Apache_2k": {
    "train_loss": [],
    "val_f1": [],
    "test_f1": [
      0.22209257098405288,
      0.41673957421988916,
      0.41673957421988916,
      0.41673957421988916,
      0.41673957421988916
    ]
  },
  "BGL_2k": {
    "train_loss": [],
    "val_f1": [],
    "test_f1": [
      0.07749077490774908,
      0.4780793319415449,
      0.4780793319415449,
      0.614907412576577,
      0.4780793319415449,
      0.5735431780541125,
      0.07749077490774908
    ]
  },
  "Hadoop_2k": {
    "train_loss": [],
    "val_f1": [],
    "test_f1": [
      0.3957703927492447,
      0.25650557620817843,
      0.25736374340867774,
      0.25650557620817843
    ]
  },
  "HealthApp_2k": {
    "train_loss": [],
    "val_f1": [],
    "test_f1": [
      0.005469915464942815,
      0.6830457439568942,
      0.5477386934673367,
      0.4986212083228879,
      0.48901379662749106
    ]
  },
  "HPC_2k": {
    "train_loss": [],
    "val_f1": [],
    "test_f1": [
      0.3079584775086505,
      0.35691318327974275,
      0.35691318327974275,
      0.35691318327974275,
      0.35691318327974275
    ]
  },
  "Linux_2k": {
    "train_loss": [],
    "val_f1": [],
    "test_f1": [
      0.4879672299027138,
      0.044890162368672396,
      0.044890162368672396,
      0.044890162368672396
    ]
  },
  "Mac_2k": {
    "train_loss": [],
    "val_f1": [],
    "test_f1": [
      0.17796958487464037,
      0.43930473787496493,
      0.48098253940615937,
      0.43930473787496493,
      0.43242212590853635,
      0.43930473787496493
    ]
  },
  "Proxifier_2k": {
    "train_loss": [],
    "val_f1": [],
    "test_f1": [
      0.04625655698617072,
      0.4875736612861901,
      0.4875736612861901,
      0.4875736612861901,
      0.4875736612861901
    ]
  },
  "Spark_2k": {
    "train_loss": [],
    "val_f1": [],
    "test_f1": [
      0.00398406374501992,
      0.49899799599198397,
      0.49899799599198397,
      0.024718143543484068,
      0.49899799599198397
    ]
  },
  "Thunderbird_2k": {
    "train_loss": [],
    "val_f1": [],
    "test_f1": [
      0.0888382687927107,
      0.4743758212877792,
      0.4743758212877792,
      0.4743758212877792,
      0.47423764458464773
    ]
  },
  "Windows_2k": {
    "train_loss": [],
    "val_f1": [],
    "test_f1": [
      0.28341096381225367,
      0.37675288251791833,
      0.3763642033052697,
      0.37675288251791833,
      0.37597503900156004
    ]
  },
  "Zookeeper_2k": {
    "train_loss": [],
    "val_f1": [],
    "test_f1": [
      0.20445505171042164,
      0.42627653471026966,
      0.42627653471026966,
      0.42627653471026966,
      0.42627653471026966
    ]
  }
}